{
  "A_median_impute": {
    "classification": {
      "macro_f1": 0.728487090686715,
      "weighted_f1": 0.774607135794245,
      "accuracy": 0.77061973986228,
      "per_class_f1": {
        "Drought": 0.5751947273816657,
        "Earthquake": 0.9894459102902374,
        "Extreme temperature": 0.7981220657276995,
        "Flood": 0.7935402765689972,
        "Landslide": 0.5025575447570333,
        "Storm": 0.7822109275730622,
        "Volcanic activity": 0.7063655030800822,
        "Wildfire": 0.6804597701149425
      },
      "cv_macro_mean": 0.5867,
      "cv_macro_std": 0.008,
      "cv_folds": [
        0.5902,
        0.5798,
        0.6009,
        0.58,
        0.5827
      ]
    },
    "regression": {
      "deaths": 1.1294,
      "damage": 3.4623,
      "injuries": 1.1079,
      "affected": 3.711,
      "mean_log_mae": 2.3526
    }
  },
  "D_centroid_impute": {
    "classification": {
      "macro_f1": 0.7451710932465078,
      "weighted_f1": 0.7818512405855279,
      "accuracy": 0.775592960979342,
      "per_class_f1": {
        "Drought": 0.6007281553398058,
        "Earthquake": 0.9911504424778761,
        "Extreme temperature": 0.7956003666361137,
        "Flood": 0.7957739459782717,
        "Landslide": 0.5186837702175126,
        "Storm": 0.7876398779247202,
        "Volcanic activity": 0.7354838709677419,
        "Wildfire": 0.7363083164300203
      },
      "cv_macro_mean": 0.5913,
      "cv_macro_std": 0.0098,
      "cv_folds": [
        0.5952,
        0.5903,
        0.6078,
        0.5821,
        0.581
      ]
    },
    "regression": {
      "deaths": 1.1177,
      "damage": 3.4209,
      "injuries": 1.1013,
      "affected": 3.6462,
      "mean_log_mae": 2.3215
    }
  },
  "_decision": {
    "centroid_holdout_macro_gain": 0.0167,
    "baseline_cv_std": 0.008,
    "rule": "keep iff holdout_macro_gain > baseline CV_std",
    "verdict": "KEEP",
    "regression_log_mae_delta_centroid_minus_median": {
      "deaths": -0.0117,
      "damage": -0.0414,
      "injuries": -0.0066,
      "affected": -0.0648,
      "mean_log_mae": -0.0311
    }
  },
  "_diagnostics": {
    "A_median_impute": {
      "rows": 14476,
      "missing_coord_rows": 11822
    },
    "D_centroid_impute": {
      "rows": 14476,
      "missing_coord_rows": 11822,
      "filled_by_centroid": 11707
    }
  },
  "_meta": {
    "fixed_hp": true,
    "ensemble_weights": {
      "xgb": 0.6,
      "cat": 0.4
    },
    "holdout_protocol": "test CSV 1970-2021",
    "runtime_sec": 191.4
  }
}